Allyce,Muriel,Allyce.Muriel@testing.com,ERhLgx NIBQynBh,19
Dawn,Raychel,Dawn.Raychel@testing.com,zjRJjcl,46
Caryl,Jacqui,Caryl.Jacqui@testing.com,qUFhICjHhFOjpAx,30
Harrietta,Serilda,Harrietta.Serilda@testing.com,ROwZW nrGQQ,21
Dione,Darian,Dione.Darian@testing.com,IGhmEIn aIAXS,30
Clarice,Sperling,Clarice.Sperling@testing.com,LtbWCA tNyYYl,28
Ebonee,Aurelio,Ebonee.Aurelio@testing.com,ih qbFgr,43
Sissy,Donell,Sissy.Donell@testing.com,uvPEUdaJqtfpRsSw,30
Jenda,Percy,Jenda.Percy@testing.com,XfcuGFgiUgaMmTO,76
Regina,Delila,Regina.Delila@testing.com,nqfjBvmQEnWDwqlgW,51